{
  "carousel_settings": {
    "time_interval": 10000
  },
  "carousel": [
    {
      "image": "https://itp.nyu.edu/ima/wp-content/uploads/2021/06/01.jpg",
      "title": "Description One",
      "alt_description": "Image description"
    },
    {
      "image": "https://itp.nyu.edu/ima/wp-content/uploads/2021/06/02.jpg",
      "title": "Description Two",
      "alt_description": "Image description"
    },
    {
      "image": "https://itp.nyu.edu/ima/wp-content/uploads/2021/06/03.jpg",
      "title": "Description Three",
      "alt_description": "Image description"
    }
  ]
}